trend,title,content,subTitle,holder,objective,tags
1012,雅緻藝術舞蹈團《今天，一起回家》,雅緻藝術舞蹈團今天一起回家發布單位表演藝術科分類表演類發布日期截止日期提供單位文化局活動日期活動地點文化局演藝廳活動地址桃園市桃園區縣府路號主辦單位雅緻藝術舞蹈團協辦單位桃園市政府文化局詳細內容雅緻藝術舞蹈團今天一起回家演出時間年月日六演出地點文化局演藝廳入場方式opentix售票元想到家你腦中會浮現出什麼呢是進入大樓前社區大門的模樣是躺在床上軟綿綿的觸感還是耳邊傳來電視混雜著聊天的聲音延續編舞家張堅志於雅緻年度展演家thepathofroad中編創的作品回家將原作品解構加入新元素融合雕琢更深入探討挖掘編舞家對於家的意象把原先僅流動於表演者間的情感力量打破讓觀眾從第三人稱視角轉為第一人稱我們我們今天一起回家雅緻藝術舞蹈團雅緻藝術舞蹈團成立於年致力於培育桃園在地舞蹈演出者期望能用舞蹈感動民眾拉近大眾與現代舞蹈的距離年是我們決定走向專業舞蹈團隊重要的一年自年至年的年我們連續榮獲桃園傑出演藝團隊不斷嘗試多元表演形式與題材將現代舞蹈以生活化的方式呈現給民眾年雅緻將邁入下一個年往藝術性及大眾性兩個面向發展不同演出活動一方面將製作更精緻細膩的作品另一方面亦持續發展更生活化舞蹈演出將現代舞轉化為不同的形式帶給觀眾並積極走向外縣市展演讓更多觀眾看到雅緻看到桃園雅緻期許能將最熱愛的舞蹈不斷傳遞出去與民眾一同享受舞蹈那怕在眾多人潮當中我們的作品能感動到一個人就足以讓我們堅持下去繼續將舞蹈的美好散播出去,雅緻藝術舞蹈團《今天，一起回家》,,,桃園市
74,物品劇~《大鯨魚的小喉嚨》,物品劇大鯨魚的小喉嚨發布單位表演藝術科分類親子活動發布日期截止日期提供單位文化局活動日期活動地點文化局演藝廳活動地址桃園市桃園區縣府路號主辦單位杯子劇團協辦單位桃園市政府文化局詳細內容物品劇大鯨魚的小喉嚨演出時間年月日六下午點演出地點文化局演藝廳入場方式年代售票請點選購票票價折扣一般票價元其他折扣台北富邦國泰世華中國信託第一銀行兆豐銀行台新銀行誠品人會員卡購票享折優惠團體簡介為什麼叫杯子水是生命的泉源以手掬水是為了求生以杯子喝水是享受人生創辦人創辦人董鳳酈老師是國內知名兒童藝術教育專家在國外從事研究工作時接觸兒童戲劇與黑光劇遂於民國七十二年西元一九八三年成立杯子劇團歷時三年培訓專業黑光劇團員於民國七十五年正式售票演出希望藉由戲劇的演出帶給孩子快樂的童年成立宗旨黑光劇在台灣讓台灣的親子能欣賞黑光劇幻妙的魅力以創造力為主要創作目的發展黑光幻妙劇與物品劇本著教育的精神致力於兒童戲劇與藝術教育的推廣帶給孩子快樂的童年豐富孩子的生活經驗親子擁有寬廣的藝術生活讓藝術生活化生活藝術化關於杯子劇團杯子劇團是國內唯一的黑光劇團於民國年年成立至今已邁入第年擁有為數可觀的群眾基礎民國年月止杯子劇團已創作演出齣經典好戲詳見創作暨演出年表有的戲是為兒童創作有的戲是為青少年或成人創作近年獲獎紀錄教育部第七屆藝術教育貢獻獎績優團體獎唯一獲獎的劇團臺北市政府教育局年藝術教育貢獻獎績優團體獎唯一獲獎的劇團杯子劇團製作宗旨以創意想像力教育整合為主軸劇本均為原創作品以時代主流為創作主軸例如民國年製作演出魔法國是一齣反毒劇民國年製作演出超時空歷險記敘述科技與電腦的網路世界當時一般民眾多數沒有電腦是無法想像電腦的虛擬世界民國年製作演出太空變奏曲敘述環保與土石流的災害隔年臺灣發生歷年最大的土石流民國年杯子劇團推出牙刷超人第一集由於衛教知識日新月異故於民國年推出牙刷超人第二集民國年口腔保健論文出現不同以往的保健知識於是杯子劇團民國年製作牙刷超人第三集杯子劇團前瞻性的創作與演出能讓藝術與人文紮根於社會教育中這也是支持杯子劇團走過年歲月的動力杯子劇團演出形式以黑光劇人偶劇舞台劇物品劇為主杯子劇團的製作分為大型中型小型三種以因應不同表演場地杯子劇團創作風格豐富兼具教育與娛樂希望教育不僅由學校中獲得也能由娛樂中輕鬆學習演出介紹演出名稱物品劇大鯨魚的小喉嚨演出形式物品劇演出長度分鐘演出內容大鯨魚幾乎吃光了海裡所有的魚現在大海裡只剩一隻小小的小丑魚為了不被大鯨魚吃掉聰明的小丑魚騙大鯨魚去吃人類沒想到這個人類在大鯨魚的肚子裡又踢又撞的讓大鯨魚非常難受最後人類將柵欄卡在大鯨魚的喉嚨從此以後大鯨魚也就只能吃小小的小魚小丑魚要怎麼辦演員介紹演員王嵩能演員潘冠伶演員許恒瑞,物品劇~《大鯨魚的小喉嚨》,,,教育|臺北市|桃園市
40,轉知：「2023 中學生跨域問題解決創意專題論壇實施計畫」,一徵稿相關資訊一徵稿主題從聯合國發布的翻轉我們的世界年永續發展方針所規劃的個全球永續發展目標sustainabledevelopmentgoals簡稱sdgs當中挑出議題並提出具跨域創意之專題研究投稿作品需於研究動機與背景中敘明研究題目與sdgs中選定主題的關聯性並請就生物環保工程技術資訊教育商管心理衛生社會創新等七類投稿類別中擇一提出問題的探究或解決方案二徵稿對象全國高中職學生三徵稿格式採用全國高級中等學校小論文寫作比賽格式且中英文不拘二報名方式一報名日期年月日星期五至月日星期五二報名表單請至桃園市創藝文化教育協會官網填寫線上報名表單及摘要,轉知：「2023 中學生跨域問題解決創意專題論壇實施計畫」,,,嘉義市|宗教|嘉義縣|幼兒教育
24,2023 成大觀影腦影像數據分析營 第二期,專業師資引導分析演練實作招生對象全國高中生皆可以報名營隊時間六日營隊地點成功大學社會科學院北棟三樓演講廳南棟三樓電腦教室授課講師龔俊嘉成功大學心理學系教授成功大學心智影像研究中心nckumindresearchandimagingcenter布朗大學認知科學博士普林斯頓大學神經科學研究院博士後研究研究興趣臉孔及物體辨識決策神經科學開放神經科學開設相關課程認知神經科學與電影功能性磁振造影理論與實務功能性磁振造影進階分析,2023 成大觀影腦影像數據分析營 第二期,,['招生對象'],心理
10,《春風‧唯美世界》二次元古箏,春風唯美世界二次元古箏發布單位表演藝術科分類音樂發布日期截止日期提供單位文化局活動日期活動地點文化局演藝廳活動地址桃園市桃園區縣府路號主辦單位風雅頌古箏樂團協辦單位桃園市政府文化局詳細內容春風唯美世界二次元古箏演出時間年月日日下午時分演出地點文化局演藝廳入場方式opentix售票元活動內容風雅頌古箏樂團成立於年以重奏獨奏小合奏等型式演出是臺灣第一個以古箏四重奏為主體的古箏樂團舞台經驗豐富而成熟充分體現了古箏獨特的東方魅力此次演出透過經典動漫曲帶你找尋珍貴的回憶來一場春風唯美世界二次元古箏音樂會探索二次元是真實降落還是幻想出來的唯美世界精選五部犬夜叉魔道祖師新世紀福音戰士鬼滅之刃英雄聯盟雙城之戰動漫小說曲目一起動漫在耳畔響起,《春風‧唯美世界》二次元古箏,,,桃園市
7,《銅好新時代》懷念老歌系列II,銅好新時代懷念老歌系列ii發布單位表演藝術科分類表演類發布日期截止日期提供單位文化局活動日期活動地點文化局演藝廳活動地址桃園市桃園區縣府路號主辦單位銅好重奏團協辦單位桃園市政府文化局詳細內容銅好新時代懷念老歌系列ii演出日期年月日六演出地點文化局演藝廳入場方式opentix元點選連結活動內容銅好重奏團brassmen由一群臺灣銅管演奏家組成致力於推廣銅管音樂以及新竹在地客家文化年於國立中正紀念堂演藝廳辦理懷念老歌系列i廣受好評隨著疫情的持續被迫延期辦理如今疫情趨緩團員為了拓展更多不同年齡層之觀眾群開始討論規劃一系列的經典國臺語老歌目的在於希望吸引更多觀眾踏進音樂廳聆聽音樂會並且能將銅管樂器讓更多人了解達到一石二鳥的效果演職人員小號江帛軒陳敬文長號林承潁蔣格西低音號沈旻峰打擊徐澔淳鍵盤曾則予,《銅好新時代》懷念老歌系列II,,,桃園市
7,未來科學營-智慧應用與奈米科技,未來科學營智慧應用與奈米科技活動資訊介紹科技日新月異今日所學或許明天就落伍了如何讓自己保持持續的競爭力我們將介紹在未來會持續發展的智慧應用科技與奈米科技讓我們一窺未來科技的走向提供同學未來選擇方向的參考活動名稱未來科學營智慧應用與奈米科技活動時間三活動地點東海大學大智慧科技大樓st樓和樓活動名額人報名起迄即日起至四止額滿則提早關閉報名費用免費供午餐保險小禮品報名連結,未來科學營-智慧應用與奈米科技,,,教育|數學
6,ISO 14001 : 2015主導稽核員訓練課程,課程介紹由tvnordcertgmbh所提供之cqiirca認證核准課程no全部中文授課及提供中文講義課程特色iso標準主要條文介紹及與舊版條文之差異分析依據新版以生命週期思維為基礎藉由pdca循環結合過程管理之環境管理系統介紹環境考量面登錄及顯著性評估手法簡介規劃執行及報告環境管理系統之稽核了解如何稽核環境管理系統的整體績效深入的案例研究及生動活潑的小組討論及演練經由本課程密集訓練讓學員得以認識iso新版的正確精神與使用並讓稽核員體認評審作業應該擔任的角色對於公司內擔任管理代表內部稽核員及顧問師極為適合參加學員需具備資格具備環境管理原則和概念的知識完成irca批准的ems基礎培訓課程講師講師葉政治先生現任tvnord大中華區副總裁台灣區總經理英國cqiirca登錄主任稽核員管理驗證及教學經驗豐富講師林世皇先生現任英國cqi和irca登錄emsohsas主任稽核員驗證及教學經驗豐富,ISO 14001 : 2015主導稽核員訓練課程,,,政治
4,桃園市110年環境教育繪本創作徵件,鼓勵社會大眾以桃園在地環境議題為故事背景發想透過環境教育繪本創作培養環境教育正確觀念藉由徵選出的優良繪本作為未來教學之用以提升桃園市民眾及學生在環境覺知與敏感度環境概念知識環境價值觀與態度環境行動技能與環境行動經驗等環境教育五大教育目標之發展啟發珍惜故鄉故土的心達到共同維護環境永續之目的,桃園市110年環境教育繪本創作徵件,,,教育|桃園市
3,2023國立中央大學工程科技冬令營,國立中央大學工程科技冬令營簡章一活動主旨為鼓勵更多優秀學生對基礎科學的研究工作産生興趣也為吸引更多優秀女性學生參與科學研究爰本活動以stemsciencetechnologyengineeringmath為主題辦理工程科技導航冬令營讓學生可於不同視角了解目前科技領域的發展趨勢二活動主題工程科技玩什麼風與貓狗的邂逅三活動日期年月日星期三及年月日星期四共兩天四活動地點本校機械館ideame教室五活動對象對於工程與科技領域有興趣之高中學生六活動名額名備取名依報名時間順序並以女性學生優先錄取為原則七活動費用貳仟元含保證金壹仟元若全程參加則退回保證金八報名截止時間年月日星期三九報名網址,2023國立中央大學工程科技冬令營,主辦單位:國立中央大學工學院、土木工程學系、機械工程學系。,,土木|機械
3,臺語百年歌曲音樂會,臺語百年歌曲音樂會發布單位閩南及民俗文化科分類表演類發布日期截止日期提供單位文化局活動日期活動地點桃園展演中心活動地址桃園市桃園區中正路號主辦單位桃園市政府文化局詳細內容臺語百年歌曲重量級歌手開唱即日起開放免費索票由桃園市政府文化局主辦穿樂百年咱的臺語歌臺語百年歌曲音樂會將於月日及日在桃園展演中心隆重登場特別邀請紀露霞西卿劉福助文香亦帆朱海君陳明章董事長樂團朱頭皮許富凱草屯囝仔曹雅雯多位重量級歌手一連兩天輪流開唱唱出這片土地文化的記憶邀請民眾一起回味百年來令人感動的時刻臺語歌曲不僅反映民眾心聲也是動人珍貴的文化資產更展現民眾澎派的生命力每個時期的臺語歌曲孕生出獨有的美學品味這次活動以四月望雨思鄉情綿臺灣愛拚新臺語歌運動臺語歌新世代五大時期呈現臺語歌曲演變與時代氛圍邀請吳國禎邵大倫擔任活動主持人與樂迷回探不同時期的集體記憶這次音樂會由董事長樂團吉董吳永吉擔任音樂總監以復古傳承與創新為主軸體現臺灣歷史文化鄉土特色由於每個時代臺語經典的代表歌曲非常多音樂團隊煞費苦心爬梳整理各時期歌曲及其時代意涵並且邀請國寶級歌王歌后與新生代歌手同臺演唱希望能帶給民眾難得一見的視聽饗宴穿樂百年咱的臺語歌臺語百年歌曲音樂會即日起開放免費索票民眾可至kktix查詢並索取電子票券或至桃園市政府文化局桃園展演中心中壢藝術館八塊厝民俗藝術村服務臺索取實體票券票券數量有限索完為止更多詳情請洽桃園閩南文化臉書,臺語百年歌曲音樂會,由桃園市政府文化局主辦,,運動|桃園市|民俗藝術
2,archiDots Award for Excellence in Architectural Design 2023 archiDots 卓越建築設計獎,活動主題theamwewelcomeyouracademicarchitecturaldesignprojectasanentrywhichyoupreparedthissemesterwithallyourheartitcouldbeasmallhouseorafullfledgedmixedusedevelopmentprojectwetakeintoaccountyourideologiescreativethinkingandsensitivitytowardsarchitectureanditsalliedfieldsasastudentfurthermorewemakesureyoucompetewithstudentsofsamelevelasyourscategoryfreshmancategoryfirstyearstudentssophomorecategorysecondyearstudentsjuniorcategorythirdyearstudentsseniorcategoryfourthfifthyearstudents主題我們歡迎您在本學期用心準備的學術建築設計項目作為參賽作品它可以是一座小房子也可以是一個成熟的混合用途開發項目作為一名學生我們會考慮您對建築及其相關領域的意識形態創造性思維和敏感性此外我們確保您與與您水平相同的學生競爭類別新生組一年級學生大二組二年級學生初級組三年級學生高級組四年級五年級學生參賽資格undergraduatestudentsofarchitectureplanninganddesignofallyearsareeligibletoregisterintheawardsintheirrespectivecategories建築規劃與設計專業各年級本科生均有資格報名參加各自類別的獎項活動時程registrationopensthjanearlyregistrationthjanthfebstandardregistrationstmarthaprlateregistrationstmaystjulsubmissiondeadlinestaugresultsannouncementstsept報名開始年月日提前註冊日月日月日標準註冊日月日月日延遲註冊月日月日日提交截止日期年月日結果公佈年月日報名方式specialguidelinesfreshmancategorytheprojectshallbecompiledononeasheetormaximumtwothetotalfilesizeshallnotexceedmbpdfformatfilenamemustbeadyournamekindlydonotputyournameoryourcollegesnameanywhereonthesheetthesubmissionshallclearlyexplaintheconceptinspirationbehindtheprojectthroughdiagramswriteupsetcincasemodelsweremadepicturesofthesamecanbeaddedontheasheetspecialguidelinesallothercategoriesthesubmissionmusthaveminimumtwoasheetsandmaximumthreeasheetsthetotalfilesizeshallnotexceedmbpdfformatfilenamemustbeadyournamekindlydonotputyournameoryourcollegesnameanywhereonthesheetthesubmissionshallhavefollowingdetailsandinformationforeffectivecommunicationofdesignnotmandatorybutrecommendedconceptandinspirationsiteplansfloorplansotherviewsaxonometricisometricblowupdiagramsdrendersoftheprojectbuildingsectionsincasemodelsweremadepicturesofthesamecanbeaddedontheasheets特別指南新生組該項目應在一張a紙上編制或最多兩張文件總大小不得超過mbpdf格式文件名必須是adyourname請不要將您的姓名或大學名稱寫在表格的任何位置提交的內容應清楚地解釋項目背後的概念靈感通過圖表文章等如果製作了模型可以在a紙上添加相同的圖片特別指南所有其他類別提交的材料必須至少有兩張a紙最多三張a紙文件總大小不得超過mbpdf格式文件名必須是adyourname請不要將您的姓名或大學名稱寫在表格的任何位置提交應包含以下細節和信息以有效傳達設計非強制性但推薦理念與靈感場地規劃平面圖其他視圖軸測圖等軸測圖放大圖項目的d渲染圖建築部分如果製作了模型可以在a紙上添加相同的圖片評分標準aseachprojectmightbedifferentintermsofbeingresidentialcommercialmixeduseetcthejurypanelshalljudgetheentryonthebasisofthreecriteriaconceptinspirationrepresentationtechnicaldrawingsforfreshmancategorythefirsttwocriteriaholdmorevalue由於每個項目在住宅商業混合用途等方面可能有所不同評審團將根據三個標準概念靈感表現和技術圖紙來評判參賽作品對於新生類別前兩個標準更有價值活動獎勵winnerinreachecertificateofexcellencepublicationonwebsiteandonlineportalsfirsthonorablementionecertificateofappreciationpublicationonwebsiteandonlineportalssecondhonorablementionecertificateofappreciationpublicationonwebsiteandonlineportals優勝者印度盧比每人電子卓越證書在網站和在線門戶網站上發布第一榮譽獎電子感謝證書在網站上發布和在線門戶網站第二榮譽提名電子感謝證書在網站上發布和在線門戶網站聯絡方式主辦單位archidots聯絡人archidots聯絡人信箱teamarchidotsin,archiDots Award for Excellence in Architectural Design 2023 archiDots 卓越建築設計獎,,,
2,ISO 9001:2015 品質管理系統主導稽核員(台中),課程特色tuvnordcert註冊之cqiirca主任審核員會員登錄核准登錄號no全部中文授課及提供中文講義國內唯一包含整個稽核生命週期之理論及實務兼顧的最佳精編教材課程案例研討適用於服務業及製造業講師稽核經驗豐富本課程之流程導向processapproach的解析為其它irca登錄課程所沒有的knowhow經由這個訓練課程讓您到任何產業均能對稽核應付自如此次教材將採用irca所認可的教材授課經由本課程的密集訓練讓學員得以認識iso系列的正確精神與使用並讓審核員體認審核作業應該擔任的角色對於欲擔任iso品質管理系統國際審核員公司管理代表內部品質稽核及協力廠商考核之人員極為適合學習目標本課程的目的是為學員提供品質管理系統知識和執行審核所需的技能根據iso標準符合iso和iso如適用之要求具體而言訓練課程會為學生提供了基礎成為一個稱職的主任審核員參加學員需具備資格具備品質管理原則和概念完成qms基礎培訓課程講師講師葉政治先生現任tvnord大中華區副總裁台灣區總經理英國cqiirca登錄主任稽核員管理驗證及教學經驗豐富講師陳盈顯老師現任英國cqi和irca登錄qms主任稽核員驗證及教學經驗豐富,ISO 9001:2015 品質管理系統主導稽核員(台中),,,政治
2,高中生媒體一日營,淡江大學大傳系舉辦高中生媒體一日營歡迎對廣播戲劇錄製電視新聞錄製商業攝影棚拍網頁新聞編輯等傳播媒介感興趣的高中職同學報名參加邀請傳播領域之業界導師與學員面對面互動實際走進電台錄音室電視台攝影棚平面攝影棚親自體驗傳播媒體的無限魅力成為一日傳播人導師時間聽見你的聲音導師張敦喻現為職業配音員同時擔任樂團burningbeak主唱參與各類卡通戲劇遊戲廣告廣播劇有聲書工商簡介等有聲作品之配音代表作品有屁屁偵探馬爾濟思局長旁白數碼寶貝大冒險新無印石田大和鬼太郎臭鼠人第季傳說對決瑟斐斯新版其聲演男主角之作品小時偵探獲第屆廣播金鐘獎最佳廣播劇獎與最佳音效獎導師時間他抓得住你導師莊坤儒現任台灣光華雜誌攝影組召集人曾任台灣新聞攝影協會理事長榮獲香港攝影記者協會前線焦點新聞攝影比賽國家地理雜誌攝影大賽兩岸新聞報導獎及台灣新聞攝影大賽等佳績作品曾於台灣中國美國及馬來西亞等地展出包含台南國際攝影節搗蛋台北大巨蛋集體創作計畫兩岸攝影看世博展覽不動unmoving攝影個展顯影台灣台灣光華雜誌攝影展等導師時間新聞大觀園導師王李中彥現任台視新聞部採訪中心副主任台視新聞主播台視新聞部採訪中心文字記者曾任三立中天東森新聞文字記者tvbs攝影記者實務體驗廣播戲劇錄製認識電台及廣播劇錄音體驗內容為錄音體驗劇本導讀角色分配廣播戲劇演出錄製現場播放聆聽完成作品錄音完成後將作品上傳雲端供學員下載實務體驗電視新聞錄製認識影棚電視新聞錄製流程內容為輪流體驗擔任攝影或新聞主播錄製完成後將影片上傳雲端供學員下載實務體驗商業攝影棚拍認識商業攝影及傳統暗房體驗內容為棚燈人像攝影擔任模特及傳統暗房導覽認識有機會體驗黑白底片放大拍攝完成後將作品上傳雲端供學員下載實務體驗網頁新聞編輯認識網路新聞撰寫及編報體驗透過wordpress網站編輯屬於自己的網路新聞結合廣播戲劇錄製電視新聞錄製及商業攝影棚拍課程之體驗成果學習多媒體的匯流與應用,高中生媒體一日營,,,
1,2023 向未來提案 文藝營,嗨大家寒假向未來提案文藝營開放報名了這次的文藝營將以設計思考的方式引導大家進行未來提案詳細活動課程在表單的課表裡大家快來參加吧活動資訊活動時間一三活動全程免費但會在第一天收取元保證金全程參與將全額退費報名截止日期二前報到地點靜宜大學主顧樓報名後會再進行行前通知不提供住宿需自行前往報到報名連結,2023 向未來提案 文藝營,,,
1,非洲英語足球營,非洲英語足球營報名日期與錄取方式即日起至月日下午止報名請備註全天或下午一營會活動時間年月日一月日天二營會地點台南市安平區府前四街號教室三學生人數位國小二年級到四年級四學費全天只下午時段匯款帳號臺南市青年杏林醫學教育協會郵局帳號匯款後請傳email或簡訊通知報名連結,非洲英語足球營,,,教育|醫學|臺南市
1,ISC3 Innovation Challenge 2023 - Sustainable Chemistry and Agriculture ISC3 創新挑戰 2023 - 可持續化學和農業,前言theannualiscinnovationchallengeisthematicallyorientedalongaonceperyearselectedfocustopicstartupsgloballyareinvitedtocontendforatotalofeurinprizemoneywiththeirinnovativeideasthatarerevolvingaroundtheongoingyearsfocustopic一年一度的isc創新挑戰賽以每年一次的選定焦點主題為主題邀請全球初創企業爭奪總計歐元的獎金圍繞當前年度焦點主題提出創新想法活動主題theiscinnovationchallengehasthetopicsustainablechemistryandagriculturewearelookingforinnovatorsandtheirsustainablechemistrysolutionsthatbenefitagriculturethecurrentfourthinnovationchallengeaddressesinnovatorsdevelopingsolutionsinthefieldofsustainablechemistryandagriculturewiththefollowingsubtopicsfertilizersefficientuseoforganicandinorganicfertilizersavoidanceofoverfertilizationwithpotassiumnitrogenandphosphorussupplyanduseofalternativefertilizersandfurthersolutionsforreplenishingsoilfertilityandmaintainingorreestablishingsoilhealthinclcosequestrationnutrientrecoveryinsoilplantsfeedstocksproductsetcsuchassecondarynutrientsinplantsegprecisionfarminguseofdigitalisationandautomationforresourceefficientfarmingpointapplicationoffertilizerspesticidesandwatercropprotectionproductionanduseofnaturalbiocidesbiopesticidesbenignsubstitutesforpesticidesbiocideleasingasbusinessmodelwaterintelligentwatersupplywaterharvestingavoidanceofwatercontaminationwithfertilizersrenewableenergyandagricultureusefordesalinationtoprovidefreshwaterammoniasynthesiswithgreenhydrogenvalorisationofagriculturalwastecircularityapproachesinagricultureshelflifeextensionsolutionsforfruitsvegetablesseedsetcsolutionsfosteringreducedexternalizedcostsbiodiversitylossdrinkingwaterpollutionsoilcompactionerosionetc年isc創新挑戰賽的主題是可持續化學與農業我們正在尋找有利於農業的創新者及其可持續化學解決方案目前的第四個創新挑戰面向創新者他們在可持續化學和農業領域開發解決方案分主題如下肥料高效利用有機肥和無機肥避免鉀氮和磷過度施肥供應和使用替代肥料以及補充土壤肥力和維持或重建土壤健康的進一步解決方案包括二氧化碳封存土壤植物原料產品等中的養分回收例如植物中的次生養分例如精準農業利用數字化和自動化進行資源高效農業化肥農藥水的點施作物保護天然殺生物劑生物農藥的生產和使用殺蟲劑的良性替代品殺菌劑租賃作為商業模式水智能供水集水避免肥料污染水可再生能源和農業用於海水淡化以提供淡水綠色氫合成氨農業廢棄物的價值化農業中的循環方法水果蔬菜種子等的保質期延長解決方案促進降低外部成本的解決方案生物多樣性喪失飲用水污染土壤壓實侵蝕等參賽資格eligibleareallinnovatorsandentrepreneursiepersonsowningorrepresentingtheproposedinnovationemployedbyorganisationsincludingresearchinstitutesstartupssmallmediumsizedenterprisesorcomparableinstitutionsactiveinthedevelopmentandrealisationofsustainablechemistrysolutionsenterprisesparticipatinginthechallengeshallhaveastaffheadcountnotexceedingfulltimeequivalentandanannualturnoverofmaxmillioneuroenterprisesmajorityownedbylargeenterprisesarenoteligiblefortheawardexceptforinnovationsleadingtothecreationofindependentspinoffsproposalssubmittedbyinnovatorsandentrepreneursfromdevelopingcountriesandtacklingchallengesindevelopingcountriesareconsideredasparticularlyimportantfemaleentrepreneursarespecificallyencouragedtosubmitaproposal符合條件的是所有創新者和企業家即擁有或代表擬議創新的人受僱於包括研究機構初創企業中小型企業或活躍於開發和實現可持續化學解決方案的類似機構在內的組織參與挑戰的企業員工人數不得超過人相當於全職年營業額不得超過萬歐元由大型企業控股的企業沒有資格獲得該獎項但導致創建獨立衍生產品的創新除外來自發展中國家的創新者和企業家提交的提案以及應對發展中國家挑戰的提案被認為特別重要活動時程launchofthenewinnovationchallengedecemberthdeadlineforfirststagesubmissionaprilrdcestdeadlineforsecondstagesubmissionmaystcestjuryevaluationjunestjulythfinalistannouncementsafterjulythfinalistpitchtrainingseptember啟動新的創新挑戰賽年月日第一階段提交截止日期年月日cest第二階段提交截止日期年月日cest評審團評估月年日至月日入圍者公佈年月日之後入圍者推介培訓年月報名方式thesubmissionofproposalswillfollowastageprocedurefirststagesubmissionsincludeanonlinetemplatewhichasksforabriefdescriptionoftheinnovationthebusinessperspectivesandtheinnovatorsteameligiblesubmissionswillbeinvitedtothesecondstageinwhichmoredetailedinformationmustbeprovided提案的提交將遵循兩階段程序第一階段的提交包括一個在線模板要求對創新商業觀點和創新團隊進行簡要描述符合條件的提交將被邀請進入第二階段其中必須提供更詳細的信息評分標準theproposalswillbeassessedagainstthethreemaincriteriainnovationlevelistheinnovationuniquedistinctandtrulyoriginalbusinessviabilitywhatisthemarketpotentialoftheinnovationistheideacommerciallyfeasiblesustainabilitywhatisthesustainabilityimpactoftheinnovation這些提案將根據三個主要標准進行評估創新水平創新是否獨特獨特且真正原創業務可行性創新的市場潛力有多大這個想法在商業上是否可行可持續性創新的可持續性影響是什麼活動獎勵fivefinalistswillreceivetailoredsupportaccesstoglobalstartupservicecustomisedsupportvisibilitypromotionofyourinnovationviaisccommunicationchannelscashprizestheoverallinnovationchallengewinnerwillreceiveacashprizeofeurthetwoseparatecategoriesbestsocialimpactandbestregionalimpactareendowedwithcashprizesamountingtoeureach五名決賽選手將獲得量身定制的支持獲得全球啟動服務定制支持可見性通過isc溝通渠道促進您的創新現金獎勵創新挑戰賽總冠軍將獲得歐元的現金獎勵最佳社會影響力和最佳區域影響力兩個獨立類別分別獲得歐元的現金獎勵聯絡方式主辦單位isc聯絡人isc聯絡人信箱contactiscorg,ISC3 Innovation Challenge 2023 - Sustainable Chemistry and Agriculture ISC3 創新挑戰 2023 - 可持續化學和農業,,,化學|生物
1,ViewPoint Gallery’s International Photography Competition 2023 ViewPoint 畫廊的國際攝影大賽,活動簡介thisisanopportunitytoexhibityourworkforonemonthatviewpointgalleryadynamicphotographygallerylocatedinhistoricbedfordnovascotiaclosetodowntownhalifaxviewpointisdedicatedsolelytophotographyandistheonlycooperativephotographygalleryinatlanticcanadatheinternationalphotographycompetitionisopentophotographersworldwidetherearenorestrictionsonsubjectmattertheimageswillbereviewedbyanindependentjuryofestablishedphotographerswhowillselectimagesforexhibitionatviewpointgalleryentriesmustbesubmittedelectronicallywithanentryfeeofusamaximumofthreeimagesmaybesubmittedwitheachentrymultipleentriesarepermittedtheentrydeadlineisapril這是一個在viewpointgallery展示您的作品一個月的機會viewpointgallery是一家充滿活力的攝影畫廊位於歷史悠久的新斯科舍省貝德福德靠近哈利法克斯市中心viewpoint專注於攝影是加拿大大西洋地區唯一的合作攝影畫廊國際攝影大賽向全世界的攝影師開放題材沒有限制這些圖像將由知名攝影師組成的獨立評審團進行評審他們將選出張圖像在viewpointgallery展出參賽作品必須以電子方式提交報名費為美元每個參賽作品最多可提交三張圖片允許多個條目報名截止日期為年月日活動主題therearenorestrictionsonsubjectmatter題材沒有限制參賽資格eligibleapplicantsmaybelocatedanywherearoundtheworldcurrentviewpointmembersandtheirimmediatefamiliesareineligibleonlyimagessubmittedbytheartistswhocreatedthemandholdsolecopyrightwillbeconsidered符合條件的申請人可能位於世界任何地方目前的viewpoint成員及其直系親屬不符合資格只有創作它們並擁有獨家版權的藝術家提交的圖像才會被考慮活動時程theentrydeadlineisaprilyouwillbenotifiedbyemailbymay報名截止日期為年月日您將在年月日之前收到電子郵件通知報名方式pleasecompletetheonlinesubmissionformandsendusviapaypalamaximumofthreeimagesmaybesubmittedwitheachapplicationmultipleentriesarepermittednameyourimagesusingthefollowingformatphotographersnametitleofimageimagesmustbeinsrgbcolourspacewithalongsidedimensionofpixelscompletetheinternationalphotographycompetitionentryformprovidingthefollowinginformationyournamecityandcountrytitlesofyourimagesifuntitledpleaseuseuntitleduntitledoruntitledemailaddressassociatedwithyourpaypalaccountuploadyourimagesasjpegssubmittheentryformandjpegimagespleasenotethepaypallinkwillappearaftertheentryformhasbeensubmittedeachentrymustincludeusentryfeeyouwillreceiveaconfirmationemailmessageconfirmingthatyourentrywasreceivedifyoudonotreceiveaconfirmationmessagepleasecontactinfoviewpointgallerycaorviewpointgalleryhfxgmailcomallentriesmustbereceivedbymidnightonaprilentryfeesarenonrefundable請填寫在線提交表格並通過paypal發送美元每份申請最多可提交三張圖片允許多個條目使用以下格式命名您的圖像攝影師姓名圖像標題圖片必須在srgb顏色空間中長邊尺寸為像素填寫國際攝影大賽報名表提供以下信息你的名字城市和國家圖片的標題如果沒有標題請使用untitleduntitledoruntitled與您的paypal帳戶關聯的電子郵件地址將您的圖像上傳為jpeg提交報名表和jpeg圖片請注意paypal鏈接將在提交報名表後出現每件參賽作品必須包含美元的參賽費您將收到一封確認電子郵件確認您的條目已收到如果您沒有收到確認消息請聯繫infoviewpointgalleryca或viewpointgalleryhfxgmailcom所有參賽作品必須在年月日午夜之前收到報名費不予退還活動獎勵twelvewinningimageswillbeselectedforexhibitionatviewpointgalleryoneimagewillbeexhibitedmonthlyeachwinningimagewillbeexhibitedforonemonthbetweenjuneandmaywiththemonthtobechosenbyviewpointgalleryeachwinningimagewillbeprofessionallyprintedmattedandframedatnocosttothephotographertheframedimagewillbedisplayedasviewpointgallerysfeaturedinternationalartistofthemonththeimageswillbepromotedonviewpointswebsiteandnewsletterwinningentrantsagreetogiveviewpointgallerypermissiontoprintandexhibittheworkandtousethesubmittedimagesinpublicityandmediapromotionpleasenotethephotographersretaincopyrightofsubmittedimageswinningimageswillbeavailableforsaleunframedatapricesetbytheartistiftheimageissoldinthegallerytheartistwillreceivethefullsalepriceminusaprocessingfeeanyunsoldprintswillbedisposedofinaconfidentialandsafemannerwithinoneyearofexhibitingunsoldprintswillnotbereturned將選出幅獲獎圖像在viewpointgallery展出其中一幅圖像每月展出一次每幅獲獎作品將在年月至年月期間展出一個月展覽月份由viewpointgallery選擇每張獲獎圖片都將經過專業打印摳圖和裝裱攝影師無需支付任何費用帶框的圖像將作為viewpointgallery的月度國際特色藝術家展示這些圖像將在viewpoint的網站和時事通訊上進行宣傳獲獎參賽者同意授權viewpointgallery打印和展示作品並在宣傳和媒體推廣中使用提交的圖像請注意攝影師保留所提交圖片的版權獲獎圖片將以藝術家設定的價格出售未鑲框如果圖像在畫廊出售藝術家將收到全價減去的手續費任何未售出的印刷品將在展出後一年內以保密和安全的方式處理未售出的印刷品將不予退還聯絡方式主辦單位viewpointgallery聯絡人viewpointgallery聯絡人信箱infoviewpointgalleryca聯絡電話,ViewPoint Gallery’s International Photography Competition 2023 ViewPoint 畫廊的國際攝影大賽,,,
1,四季映象畫會─頃刻間的永恆 II,四季映象畫會頃刻間的永恆ii發布單位文創影視科分類展覽發布日期截止日期提供單位文化局活動日期活動地點桃園文化局樓第二展覽室活動地址桃園市桃園區桃園市桃園區縣府路號主辦單位桃園市政府文化局協辦單位四季映象畫會詳細內容四季映象畫會緣起於志趣相投的同學期望為水彩創作美學與美育推廣近一份心力林勝營林麗敏胡瑞青康美惠郭真陳其欽陳明伶等人於年共同組成畫會將於月日至月日於桃園市政府文化局樓第二展覽室展出歡迎市民朋友們蒞臨參觀四季映象畫會因喜愛繪畫結合成立宗旨是希望凝聚各方朋友的智慧與力量共創良好的創作互動為美學貢獻心力拜訪藝術家抑或尋幽覽勝皆冀望游於藝中結識不同領域與專業之藝術工作者以藝術會友增廣見聞相互學習會員來自宜蘭新北市基隆台北和桃園等地會長康美惠為桃園在地水彩創作者林勝營陳其欽郭珍陳明伶林麗敏胡瑞青等人皆為中華亞太水彩畫會會員希冀為相同藝術理念相互砥勵再創水彩藝術榮耀近年桃園文化局曾策展水彩的可能系列寄寓現代水彩創作的各種面向在多元媒材運用下可發展各種可能期望水彩能為新時代創作開闢尋覓一條幽徑並拋磚引玉與藝文界共創水彩墨畫壇榮景藉由本次展出讓多元文化元素水彩美學融入市民日常並欣賞來自北臺灣不同縣市水彩創作特色展出作品有寫生花卉動物及人文景觀等主題我們可以看到長期以水彩創作跨領域新媒材運用等等的水彩藝術表現希望帶給市民朋友們不同的視覺美學饗宴聯絡人張小姐聯絡電話分機,四季映象畫會─頃刻間的永恆 II,,,桃園市|新北市
1,高雄醫學大學 2023寒假 從量子到生命起源,從量子到生命起源由最小的粒子刻度量子quantum來探討各元素如何組裝成dna結構而dna排列又如何成為所謂的基因本次課程講授遺失蛋白質與胚胎發育粒線體移植以及微生物菌相改變癌細胞特性之課程與實作讓你對於跨域學習有深層的體驗授課教師黃斌副教授高醫大生物醫學暨環境生物學系系主任再生醫學與細胞治療中心副執行長上課時間年月日日星期一三上課地點高雄醫學大學教室開課前將簡訊通知教室位置招生對象高中生招收名額人額滿報名日期即日起至或額滿為止課程費用原價元含午餐課程材料費早鳥優惠元前完成繳費者享早鳥優惠團報優惠元凡人同行完成報名並繳費此優惠僅接受臨櫃與通訊報名高醫體系員工子女高醫推廣舊學員元以上折扣請擇一使用報名方式網路報名從量子到生命起源如未註冊過需先申請新帳號選課路徑非學分班課程查詢及報名從量子到生命起源課程資訊的繳費資訊取得繳費帳號atm轉帳繳費家長協助報名時請務必用小孩的資料報名臨櫃報名上班期間星期一至五上午中午不休息請至本校勵學大樓樓半教務處推廣教育與數位學習中心通訊報名請將報名表填妥連同報名費用請購買郵局匯票匯票受款人請寫高雄醫學大學一起以掛號寄至高雄市三民區十全一路號高雄醫學大學教務處推廣教育與數位學習中心收課程洽詢高雄醫學大學推廣教育與數位學習中心分機,高雄醫學大學 2023寒假 從量子到生命起源,,['【招生對象】'],教育|高雄市|醫學|生物
1,臺師大人發營 NTNU HDFS camp,活動資訊名稱第四屆人發營初發restart招生對象全國升高一到升大一營隊期間報名時間地點臺灣師範大學校本部點此檢視營隊章程,臺師大人發營 NTNU HDFS camp,,['招生對象：全國升高一到升大一'],
1,嘉義大學輔諮營,報名活動開始囉讓大家久等了大家期待的嘉大輔諮營來了輔諮營的報名活動即日起開始事不宜遲趕快來報名啦名額有限要報要快欸額滿就只能等下次了qq報名資訊報名方式填寫網路表單報名表單連結在此,嘉義大學輔諮營,★ 主辦單位: 國立嘉義大學師範學院輔導與諮商學系,,嘉義縣
1,2022銘傳觀光學院高中職體驗營,各位高中同學們好銘傳觀光學院名列世界百強更是台灣第一無論創新教學環境還是專業師資非常值得高中職同學們蒞臨參觀體驗現下就有一個很棒的免費機會六餐旅系觀樂聖誕智能食生活新發現日觀光系航向未來體驗營六休憩系休憩傳說大對決名額有限等你報名來參加哦活動地點銘傳大學觀光學院桃園市德明路號,2022銘傳觀光學院高中職體驗營,,,桃園市
1, [學生賽事]111年度全國中等學校飛鏢團體錦標賽,比賽地點南紡購物中心樓夢想舞台台南市東區中華東路一段號年月日星期五上午報到比賽參賽資格各縣市公私立國中高中職在學學生須同校組隊每隊人至少含名女生各校不限隊數免報名費免投幣報名即日起至月日截止報名表下載網址, [學生賽事]111年度全國中等學校飛鏢團體錦標賽,,,高雄市|運動|桃園市|屏東縣|臺南市
0, [學生賽事]111年度全國大專高中飛鏢錦標賽,年度全國大專高中飛鏢錦標賽免費賽事來嘍報名費用免報名費免投幣限人額滿報名要快比賽日期年月日星期五報到時間第梯次第梯次比賽地點樹德科技大學文薈館高雄市燕巢區橫山路號參賽資格各公私立大專五專高中在學學生需持學生證報到比賽指定機台dartslive服裝規定上半身鏢服校服或有領有袖下半身長褲皮球鞋穿著無袖背心短褲七分褲破褲迷彩褲拖鞋涼鞋等者選手服裝不符規定不得檢錄或出賽並裁定失格比賽獎勵冠軍nt金牌獎狀亞軍nt銀牌獎狀季軍名nt銅牌獎狀第名名nt獎牌獎狀第名名nt獎牌獎狀報名時間下午中午受理報名額滿截止報名網址, [學生賽事]111年度全國大專高中飛鏢錦標賽,,,高雄市
0,物理探究實作競賽,競賽訊息如附件物理探究實作競賽下載,物理探究實作競賽,,,
0,國際運算思維挑戰賽,競賽訊息如附件國際運算思維挑戰賽下載,國際運算思維挑戰賽,,,
0,陽明交大通識線上課程選課訊息,學年第二學期陽明交大通識課程線上學習選課資訊如附件網址連結,陽明交大通識線上課程選課訊息,,,
0,台大線上課程選課訊息,台大線上課程清單及註冊選課平台如附件臺灣大學線上課程單下載選課及註冊平台使用說明下載,台大線上課程選課訊息,,,
0,「全民英檢」中級、中高級測驗即將開放報名,一全民英檢成績可上傳學習歷程檔案展現個人多元表現的成果或作為大考暖身練習成績可申請免修大一英文課程畢業英語能力證明等二報名資訊一級別中級聽讀b中高級聽讀一日考b二測驗日期六六三報名日期起起四報名網址,「全民英檢」中級、中高級測驗即將開放報名,,,
0,「創業狂想曲-參章 創業營運經驗薪火相傳」磨課師（MOOCs）線上課程,一報名方式本課程於ewant育網開放教育平臺上架開課請學員先於ewant平臺註冊個人帳號,「創業狂想曲-參章 創業營運經驗薪火相傳」磨課師（MOOCs）線上課程,,,教育
0,臺北醫學大學 111 學年度自主學習 計畫 競賽簡章,壹宗旨鼓勵學生發揮創意透過多元自主的學習方式藉由創意展現及實作促進對未知事物的探索及問題解決能力期待能帶動校園學習風氣並培養學生終生學習之行為模式進而強化未來就業競爭力貳主辦單位臺北醫學大學通識教育中心參報名資格一大學組全國大學在籍學生二高中職組全國高中職在籍學生肆組隊方式每組參賽成員不限人數學校科系年級其大學組組隊須有一位臺北醫學大學學生參與伍報名期間即日起至年月日四陸報名方式一網路報名點選網址,臺北醫學大學 111 學年度自主學習 計畫 競賽簡章,,,教育|醫學
0,「政大數位知識城」111學年度第2學期開設五門磨課 師(MOOCs)課程，即日起開放免費修習！,課程資訊一報名方式經本校政大數位知識城數位學習平台,「政大數位知識城」111學年度第2學期開設五門磨課 師(MOOCs)課程，即日起開放免費修習！,,,外文|國文|數學
0,第1120315梯次全國高級中等學校小論文寫作比賽相關事宜，敬請同學積極參加充實個人學習歷程檔案。,小論文寫作比賽實施計畫下載小論文寫作比賽文獻格式參考下載小論文寫作比賽格式及評審要點下載,第1120315梯次全國高級中等學校小論文寫作比賽相關事宜，敬請同學積極參加充實個人學習歷程檔案。,,,
0,公告第1120310梯次全國高級中等學校閱讀心得寫作比賽相關 事宜，敬請積極參加充實個人學習歷程檔案,全國閱讀心得寫作比賽實施計畫下載,公告第1120310梯次全國高級中等學校閱讀心得寫作比賽相關 事宜，敬請積極參加充實個人學習歷程檔案,,,
0,淨零生活轉型推廣創意徵稿活動,一該署為推動淨零綠生活鼓勵民眾從日常生活中落實淨零綠生活轉型特辦理淨零生活轉型推廣創意徵稿活動以簡單明瞭且易於實踐之方式結合現今數位社群媒體工具行銷與概念分享擴大宣導層面並深入民眾生活與日常以響應淨零綠生活二旨揭徵稿活動摘要說明如下一活動期程徵件時間年月日至年月日網路人氣票選時間年月日至年月日二參加資格設籍中華民國之各高中職以上學生及有興趣之大眾三相關活動辦法獎項及名額請參考附件活動簡章海報及活動網站,淨零生活轉型推廣創意徵稿活動,,,
0,公告「2023 中學生跨域問題解決創意專題論壇實施計畫」提供參考運用,首頁公告中學生跨域問題解決創意專題論壇實施計畫提供參考運用徵稿下載,公告「2023 中學生跨域問題解決創意專題論壇實施計畫」提供參考運用,,,
0,112年度Cool English普技高自主學習活動獎勵辦法,年度coolenglish普技高自主學習活動獎勵辦法下載,112年度Cool English普技高自主學習活動獎勵辦法,,,
0,第4屆青年諮詢小組委員遴選,一教育部為鼓勵青年參與公共事務遴選歲至歲出生年為民國年至年青年擔任教育部青年發展署青年諮詢小組委員以廣納青年意見二有意願報名第屆青年諮詢小組委員遴選者請依簡章規定備妥報名資料於年月日星期一前至活動網站進行線上報名報名網址,第4屆青年諮詢小組委員遴選,,,教育
0,2023全國海洋能源創意實作競賽 競賽 辦法說明書（大專組與國、高中組）,全國海洋能源創意實作競賽競賽辦法說明書大專組與國高中組下載,2023全國海洋能源創意實作競賽 競賽 辦法說明書（大專組與國、高中組）,,,
0,「2023牙裡思多得 國際口腔科學創新創意研究競賽」競賽海報及辦法,說明一旨揭競賽係本校口腔醫學院主辦以口腔科學永續發展為主軸內容橫跨口腔醫學醫療服務數位牙科大數據arvr與人工智能等領域請參賽者發揮創意提出各種創意構想二本競賽透過演說展示與交流來激發口腔科學領域創新之潛力尋求突破與發展以期共同進步展望未來三報名組別包含口腔科學研究創意競賽高中職組大專組國際口腔科學研究論文競賽組及口腔臨床暨產業創新創業服務競賽組共組決賽日期為年月日週六四報名時間即日起至年月日週五下午點整截止五參加方式請掃描附件競賽海報之qrcode進行報名六相關競賽訊息請務必參考競賽辦法及分組簡章主辦單位聯絡電話各分組簡章競賽諮詢窗口及王學院經理競賽海報牙裡思多得下載競賽辦法牙裡思多得下載,「2023牙裡思多得 國際口腔科學創新創意研究競賽」競賽海報及辦法,,,醫學
0,「海洋委員會臺灣海洋國際青年志工」遴選活動,一海洋委員會為一積極推動雙語政策以加速推動高等教育雙語化提升全球競爭力二接軌國際推動永續發展目標及年海洋科學促進永續發展十年計畫三廣納海洋國際青年意見建構海洋國際青年與本會交流互動平臺四促進海洋國際青年公共參與強化國內外青年學子參與海洋國際事務辦理臺灣海洋國際青年志工遴選活動二報名資格年滿歲至歲之中華民國國民及外國國民在臺外籍生均可報名歡迎鼓勵各級學校有興趣的外籍生也踴躍報名參加三本海洋國際青年志工遴選活動遴選總人數正取名備取名四獲錄取海洋國際青年志工將可免費參加本會國家發展委員會及美國在台協會高雄分處aitk年月日日共同合作舉辦的臺灣海洋國際青年志工培訓研習營年月日舉辦的臺灣海洋治理國際研討會表現優異者將擇優代表參加海洋國際會議請鼓勵各級學校學生踴躍報名參加五請轉知欲報名之學生於年月日止將報名資料登錄報名網址,「海洋委員會臺灣海洋國際青年志工」遴選活動,,,教育
0,2023年全國學生圖畫書創作獎,一為獎勵及培育圖文創作人才啟發全方位藝術創作推動親子閱讀風氣豐富兒童藝術涵養與想像力特辦理全國學生圖畫書創作徵選活動二年度徵選活動之得獎學生將頒發教育部獎狀所有在學學生均可報名參加徵選組別分國小低中年級組國小高年級組國中組高中職組及大專組收件時間為年月日起收件至月日截止以郵戳為憑逾期恕不受理三為達推廣藝術教育之效益高級中等含以下學校獲獎者之學校校長及指導教師由本館函請各縣市含直轄市主管教育行政機關依權責優予辦理敘獎四旨揭徵選簡章相關書表及製作參考範例請逕至本館網站,2023年全國學生圖畫書創作獎,,,教育
0,「2023春天讀詩節『春天裡的呢喃—傾聽現代詩的百年聲景』系列講座」,國家圖書館活動下載,「2023春天讀詩節『春天裡的呢喃—傾聽現代詩的百年聲景』系列講座」,,,
0,112度「Cool English自主學習活動」獎勵辦法,一參加對象全國公私立國小三至六年級學生國小組及國中七至九年級學生國中組各組依就讀學校分為一般地區學校組與偏遠地區學校組偏遠地區學校組係依據教育部年公告之偏遠地區國民中小學名錄認定包含偏遠及特偏極偏類型學校二活動日期自年月日星期三至年月日星期日止共個場次符合學習標準者每月抽獎一次其餘活動詳細內容請參閱年度coolenglish自主學習活動獎勵辦法如有相關問題請逕洽國立臺灣師範大學客服專線或電子信箱coolenglishhelpgmailcom年度coolenglish自主學習活動獎勵辦法附件下載,112度「Cool English自主學習活動」獎勵辦法,,['參加對象：'],教育
0,112年度「Cool English 英聽王」比賽辦法,一報名作答時間自年月日星期一至年月日星期五止比賽採先報名後作答制參賽者需填寫報名表先完成報名作業方能進入作答區作答活動結束時間以本平臺之網站顯示最後作答時間為憑二參加對象全國公私立國小三至六年級學生國小組及國中七至九年級學生國中組各組並依就讀學校分為一般地區學校組與偏遠地區學校組偏遠地區學校組係依教育部學年度公告之偏遠地區國民中小學名錄認定包含偏遠特偏及極偏類型學校如有相關問題請逕洽國立臺灣師範大學客服專線或電子信箱coolenglishhelpgmailcom年度coolenglish英聽王比賽辦法附件下載,112年度「Cool English 英聽王」比賽辦法,,['參加對象：'],教育
0,第四屆十大傑出青少年選拔計畫活動,一旨揭活動資訊摘述如下一推薦對象就讀國內公立與已立案之私立高級中等學校及已向政府立案之同階段實驗教育學校並具備中華民國國籍之本學年度在學學生二選拔名額高中組名三推薦方式公開接受各學校機關團體各地同濟分會及其他社團組織推薦符合本選拔辦法之候選人推薦名額以推薦名為限採取下載檔案填報列印書面郵寄方式資料表均應蓋推薦單位印信及簽章推薦條件方式送審資料受理時間及單位審查與評審頒獎及表揚方式詳如附件檔案可下載kiwanisorgtwp推薦單位及受推薦人應依序檢送下列資料表份十大傑出青少年受推薦人基本資料表十大傑出青少年推薦資料表十大傑出青少年蒐集處理及利用個人資料告知暨同意書十大傑出青少年各校單位推薦檢核表四推薦時間自即日起至年月日星期一止郵戳為憑五受理單位國際同濟會台灣總會臺中市南屯區五權西路二段號樓之二如有未盡事宜請逕洽國際同濟會台灣總會全國十大傑出青少年選拔委員會劉春快主委電話或吳淇榕執行長電話三檢附國際同濟會台灣總會第四屆十大傑出青少年選拔計畫份第四屆十大傑出青少年選拔計畫下載,第四屆十大傑出青少年選拔計畫活動,,,教育|臺中市
0,海洋大學生命科學暨生物科技學系「微生物學實驗」學員甄選辦法,一期程學年度第二學期每週週一至週五半天赴海大上課二對象普二自然組同學老師推薦者不限三名額四名含生物老師推薦一名四申請時程年元月日起至日止元月十九日下午四點前學校網站公告錄取名單請依辦法所附之google表單提出申請五遴選依據以學年度第一學期第一二次段考成績並加權生物科成績遴選六一旦獲選參加不得中途退出並須遵循授課教授邀情完成作業並參加評量表現優良者將由海大教授頒予學習歷程證明陳歷歷指導教授簡介海洋大學海洋生物研究所教授美國史丹佛大學發布之全球前百分之二頂尖科學家榜單worldstopscientists陳歷歷教授於年學術生涯科學影響力排行榜以及科學影響力排行榜兩個榜單均入榜其成就獲國際學術界之肯定與讚揚海洋大學生命科學暨生物科技學系微生物學實驗學員甄選申請,海洋大學生命科學暨生物科技學系「微生物學實驗」學員甄選辦法,,,生物
0,第五屆長榮藝術獎全國高中學生書法比賽,一為培育藝文人才弘揚書法藝術特舉辦此活動做為書法藝術教育之推廣特舉辦旨揭比賽二比賽採初選與決賽兩階段進行自即日起至年月日星期五截止收件決賽則於年月日星期六舉行詳細比賽辦法請至本校書畫藝術學系網站,第五屆長榮藝術獎全國高中學生書法比賽,,,教育
0,第三屆網路節目主持人徵選活動,一徵選對象歲含以上對網路節目直播主持網路傳播感興趣者口語表達流暢善於表現自己歡迎報名參加二報名方式網路報名請完整填寫線上報名表,第三屆網路節目主持人徵選活動,,,
0,112年溫世仁文教基金會中小學作文比賽,一檢附來函及比賽相關資訊份二有意願參加同學請於三向班級國文老師報名年溫世仁中小學作文比賽實施計畫下載,112年溫世仁文教基金會中小學作文比賽,,,國文
0,112年青年節表揚基隆市中等學校優秀青年選拔活動,一為獎勵德行優良服務熱心及守法愛校之優秀學生並藉擴大表揚形塑青年行為典範建立校園良好風氣二優秀青年推薦表請填妥後於年月日一中午前繳交至訓育組彙辦三優秀青年實施要點優秀青年推薦表亦可至至基隆市團委會官網,112年青年節表揚基隆市中等學校優秀青年選拔活動,,,基隆市
0,111學年度新世紀青少年高峰論壇,一活動時間年月日二活動對象一參與資格全國各公私立高中職學生及五專專一到專三皆可二隊伍組成具領導知能關心公共議題有策略及有行動力的高中職學生可跨校組隊領隊老師每隊人三報名日期一線上報名即日起至年月日止可先完成報名月日前上傳計畫書二計畫書上傳即是起至年月日前上傳完成三入圍公告年月日辦法一議題主軸透過家鄉看世界改變由你來實踐二議題內容以所在地區的社會現況等進行論述如生活空間文化傳承青年就業教育資源差異城鄉失衡新住民權利等等主題並針對實際問題提出具體青年行動方案三計畫書不限頁數仿小論文格式撰寫內容需包含一前言二正文三行動方案四目前成果目前成果可依各隊伍狀況決定是否寫入計畫書中活動詳情請參閱附件或至facebook搜尋學年度新世紀青少年高峰論壇粉絲團ig搜尋youthforum附件一學年度新世紀青少年高峰論壇活動海報下載附件二學年度新世紀青少年高峰論壇活動企劃書下載,111學年度新世紀青少年高峰論壇,,,教育
0,國立自然科學博物館辦理111年「科學甲子園-科學聲之旅競賽」,一參加對象國小高年級至高中職生皆可報名參加將分國小暨國中組及高中組二報名與繳件方式至科學聲之旅競賽官網,國立自然科學博物館辦理111年「科學甲子園-科學聲之旅競賽」,,['參加對象：國小高年級至高中職生皆可報名參加，將分國小暨國中組及高'],
0,2023全國高中生柳川散文獎,一截稿日期即日起至年月日三前截止二收件方式採線上報名方式請於截稿日前將報名基本資料稿件word檔及學生證正反面電子檔上傳至,2023全國高中生柳川散文獎,,,教育
0,2023海洋委員會臺灣海洋國際青年志工,一海洋委員會一為積極推動雙語政策以加速推動高等教育雙語化提升全球競爭力二為接軌國際推動永續發展目標及年海洋科學促進永續發展十年計畫三為廣納海洋國際青年意見建構海洋國際青年與本會交流互動平臺四為促進海洋國際青年公共參與強化國內外青年學子參與海洋國際事務辦理臺灣海洋國際青年志工遴選活動二報名資格年滿歲至歲之中華民國國民及外國國民在臺外籍生均可報名歡迎鼓勵貴校有興趣的外籍生也踴躍報名參加三本海洋國際青年志工遴選活動遴選總人數正取名備取名四獲錄取海洋國際青年志工將可免費參加本會國家發展委員會及美國在台協會高雄分處aitk年月日日共同合作舉辦的臺灣海洋國際青年志工培訓研習營年月日舉辦的臺灣海洋治理國際研討會表現優異者將擇優代表參加海洋國際會議請鼓勵貴校學生踴躍報名參加五請轉知欲報名之學生於年月日止將報名資料登錄報名網址,2023海洋委員會臺灣海洋國際青年志工,,,教育
0,2023年第16屆國際地球科學奧林匹亞競賽全國初選,一報名資格一民國年西元年月日含以後出生者性別不限二具中華民國國民身份證之高級中等學校在學一二年級學生且於國際競賽期間不得為大專院校學生三歷屆國際地球科學奧林匹亞競賽國家代表隊選手不得報名二辦理時程一網路註冊時間年月日星期一上午時至年月日星期三下午時止二網路報名時間年月日星期二上午時至年月日下午時止三初選考試時間年月日星期六下午時分至時分分區同時舉行三報名方式就讀高級中等學校之學生由各校推薦報名參加報名資料經審核通過後考生名單及准考證號碼公布於國際地球科學奧林匹亞網頁,2023年第16屆國際地球科學奧林匹亞競賽全國初選,,,地球科學
0,第22屆紅樓現代文學獎暨全國高中紅樓文學獎,一本校為提倡寫作風氣提昇文學創作水準培養文學創作人才爰由文學院主辦全球華文寫作中心承辦辦理第屆紅樓現代文學獎暨全國高中紅樓文學獎二旨案報名資格為國立臺灣大學系統在學學生及就讀設籍臺灣地區之各公私立高中職在學學生不限制創作題材其中全國高中紅樓文學獎徵件類別為散文類投稿者將由主辦方發給參賽證明得獎者另發放獎狀及獎金投稿一律採線上系統報名徵件日期自年月日至月月日相關資訊請參考簡章內容三相關活動詳情請至全球華文寫作中心官網,第22屆紅樓現代文學獎暨全國高中紅樓文學獎,由文學院主辦,,國文
0,111-1家長/親師生性別意識宣導,親愛的家長同學及老師您好為了協助青少年建立適性發展的生涯價值觀破除性別刻板印象對任一性別的桎梏我們提供了本學期的宣導資料供參考感謝您的閱讀也歡迎分享予您關心的人,111-1家長/親師生性別意識宣導,,,
0,國立臺灣師範大學地理學系舉辦之「112年OPEN HOUSE 招生宣導活動」,一旨揭活動訊息如下一活動時間年月日星期五二活動地點本校校本部文學院勤大樓樓樓地理學系臺北市大安區和平東路一段號三招生對象全國各高中職學生二活動內容及說明一活動內容詳細規劃請參閱附件二活動說明以openhouse型式開放本系所有實驗室並導覽解說提供報名來訪之高中生認識地理學教學研究之內容以本系執行研究的成果展覽向高中生展示地理學的人文地理自然地理以及地理空間技術相輔相成之內涵播放本系簡介影片作為和高中生互動對話的基礎三報名時間及方式一報名時間即日起至年月日星期一下午時止二採網路報名請參見本系網頁最新消息,國立臺灣師範大學地理學系舉辦之「112年OPEN HOUSE 招生宣導活動」,,['招生對象：全國各高中職學生。'],臺北市
0,112年度基隆市慈雲寺藝文競賽,一請有意願報名的同學於星期五至學務處訓育組報名二國曆日星期六舉辦書法比賽三國曆日星期日舉辨繪畫比賽四隨函附上比賽與獎勵辦法以鼓勵學生踴躍參加五報名事宜由訓育組統一彙整後送慈雲寺年度慈雲寺藝文競賽公文及實施辦法下載,112年度基隆市慈雲寺藝文競賽,,,
0,「第23屆東華奇萊文學獎」徵文活動,一第屆東華奇萊文學獎針對高中生徵文獎項為東華奇萊全國高中文學短篇小說獎及林君鴻全國兒童文學童話獎希冀鼓勵國內創作風氣培養文學涵養二徵文收件截止日至年月日星期五截止郵戳為憑三參加資格及徵文辦法請詳見簡章說明相關表件請至東華奇萊文獎網頁,「第23屆東華奇萊文學獎」徵文活動,,,
0,111學年度陽明交大電機一日體驗營,為培養高中生探索自己的選系方向陽明交大電機系特別舉辦免費陽明交大電機一日體驗營讓學生從理論和動手做的經驗中獲得電機資訊相關領域之實作經驗了解電機多元化又豐富的訓練歡迎有興趣同學報名報名資訊如圖,111學年度陽明交大電機一日體驗營,,,
0,檢送國立陽明交通大學辦理第十一屆「APX全國高中數理能力檢定」,說明一檢附apx全國高中數理能力檢定第十一屆報名簡章本屆改回實體考試一樣規劃個縣市考區服務各地考生apx數理能力檢定的理念是提供學生能有了解學習成效的活動期許來參加的學生都能共同達成榮譽檢定的目標二檢定目的經由客觀成績評量掌握高中學生的數理學習成效大數據提供教育單位進行各種分析研究促進全國數理人才之培育提升學生數理能力與國際競爭力三檢定日期年月日日四報名日期年月日至年月日報名辦法詳見簡章附件一五檢定科目生物化學數學物理六檢定級別初級中級中高級高級考生需擇一級七檢定費用每一檢定科目初級元整中級元整中高級元整高級元整八獎勵方式詳見簡章附件一九請學校負責老師申請學校團報並請公告在學校網頁或群組上學校團報無須公告團報代碼該校應考學生登入後即可加入學校團報享團報優惠十以減少群聚接觸為原則由學生各自上網報名及自行繳費十一清寒中低收低收入戶學生各學科報名費全免請於線上報名時將相關文件上傳至資格審查區通過審查後學生亦需完成報名流程十二檢附第十一屆活動海報供參附件二詳細內容請至國立陽明交通大學apx報名網站,檢送國立陽明交通大學辦理第十一屆「APX全國高中數理能力檢定」,,,教育|化學|數學|生物
0,111學年度「認識技職講座」,一依據學年度高職優質化輔助方案b導引適性就近入學之b職涯探索導適性技職達人分享適性發展講座計畫辦理二目的積極協助社區內國中學生認識專業群科及職涯探索推動適性就近入學宣導導引其適性發展與就近入學進行國中教師和學生的技職宣導增進國中教師及學生對技職教育的認識進而導引學生適性與就近入學三辦理單位基隆市二信高中四活動時間年月日五五活動地點本校活動中心六講師及講座主題陳彥廷老師台科大建築系專任副教授認識設計群體驗生活玩設計七參加對象本校國中九年級學生及任課教師普科之高一二年級學生名鼓勵無課務教師及歡迎家長參加基隆市及鄰近新北市各國中八九年級學生名額名帶隊老師及家長家長報名網址,111學年度「認識技職講座」,依據：「111學年度高職優質化輔助方案」，111-B1導引適性就近入學之「111-B1-1職涯探索導適性-技職達人分享適性發展講座」計畫辦理。,['參加對象：'],教育|新北市|基隆市
0,111年度校園樹木徵文競賽,一為落實愛樹教育推動以校園永續從愛樹開始為主題結合環境教育議題學習內涵透過參賽者以影像及文字闡述校園原生種樹木之特色歷史故事及學校的愛樹護樹行動以凝聚校園愛樹氣氛加強師生與校樹的連結爰辦理旨揭競賽二旨揭競賽內容重點說明如下一參加對象分為國小組四到六年級國中組高中職組及教師組包含國小國中及高中職學生組由至名學生組隊名教師指導教師組由至名教師組隊皆不能跨校組隊及重複報名惟參賽教師可同時擔任一隊學生隊伍之指導教師二競賽形式以校園原生種樹種為主題拍攝至少像素寬或高之照片至多張以短文散文詩詞等方式闡述樹木故事並介紹學校之愛樹護樹行動文字與圖片需進行排版設計三審查方式由教育部籌組評審團進行評選審查國小組國中組高中職組及教師組每組各取前名共計隊第一名共隊團隊獎金新臺幣萬元第二名共隊團隊獎金新臺幣萬元第三名共隊團隊獎金新臺幣元依人數平均分配為原則學生組指導老師獎勵金元及佳作數隊頒發績優獎狀及獎金獎金頒發不含佳作四本競賽規劃於年月進行公告年月日截止收件採線上繳交作品方式辦理獲獎名單預計於年月底進行公告五相關報名資訊請參閱競賽簡章如有相關疑問請洽本案聯絡窗口國立嘉義大學森林系伍助理電話電子信箱asgmailcom教育部年度校園樹木徵文競賽簡章下載年度教育部校園樹木徵文競賽海報下載,111年度校園樹木徵文競賽,,,教育
0,2022-2023第四屆SmartReading科普閱讀力大賽活動辦法,2022-2023第四屆SmartReading科普閱讀力大賽活動辦法,2022-2023第四屆SmartReading科普閱讀力大賽活動辦法,,,
0,2023世界兒童青少年繪畫比賽,簡章如附件國際兒童青少年繪畫比賽簡章下載,2023世界兒童青少年繪畫比賽,,,
0,[輔導室公告]基隆市111學年度適性輔導教育整合家長、社區、團體及企業宣導講座,一依據年度友善校園學生事務與輔導工作計畫辦理二目的整合在地家長社區團體及企業資源讓家長更瞭解職涯的未來需求建構適性的生涯探索與提供孩子未來生涯發展之多元選擇三指導單位教育部國民及學前教育署四主辦單位基隆市政府教育處五承辦單位基隆市立武崙國民中學基隆市學生輔導諮商中心六協辦單位基隆市立仁愛國民小學七參與對象一本市國中對適性發展生涯議題有興趣之學生家長二本市各國中生涯規劃組組長及專兼任輔導教師八活動時間年月日星期六上午九活動地點基隆市立仁愛國民小學十活動內容如下表十一備註現場備有摸彩活動家長若有來參加本活動並確實簽到退者將核予學生嘉獎一支十二本校承辦人二信高中輔導室楊老師分機十三本校家長報名網址,[輔導室公告]基隆市111學年度適性輔導教育整合家長、社區、團體及企業宣導講座,依據：111年度友善校園學生事務與輔導工作計畫辦理。,,教育|基隆市
0,2023「愛與和平」彩繪燈籠比賽,一依據國際佛光會年彩繪燈籠比賽辦法辦理二主辦單位佛光山極樂寺三承辦單位國際佛光會中華總會基隆區各分會四報名日期即日起至月日截止五比賽日期年月日星期日六報到時間報到七比賽地點佛光山極樂寺基隆市信義區信二路號八比賽組別國小低年級組國小中高年級組國中組高中組成人組歲以上親子組混搭年齡不限歡迎全家同樂愛與和平彩繪燈籠比賽辦法下載九參賽辦法一採現場比賽請自備顏料及畫筆燈籠由主辦單位提供每組別只限個燈籠參賽二所有參賽作品將展示於佛光山極樂寺於過年期間展示並由參觀民眾票選出最佳人氣獎一名三線上表單填寫,2023「愛與和平」彩繪燈籠比賽,依據國際佛光會2023年彩繪燈籠比賽辦法辦理。,,基隆市
0,第三屆世界漫畫選拔賽,一依據日本國高知縣年月日信件辦理二旨揭活動報名相關資訊如下一參賽資格高中組年月日止滿歲以上未滿歲者須是在學中學生不限國籍一般組任何人均可參加含高中生二創作主題高中組新紀錄一頁漫畫一般組夢想成真時一頁漫畫主題自訂故事漫畫三電子郵件及線上投稿截止日期即日起至年月日星期三止四活動網址,第三屆世界漫畫選拔賽,依據日本國高知縣111年10月13日信件辦理。,,
0,銘傳大學111學年度舉辦之第十三屆「發現銘 傳- 大學生換你做做看」活動。,說明一本校為服務結盟高中學生能確實體驗銘傳大學的課程與設備將於月日週六及月日週日分別在桃園校區及台北校區分兩日辦理第十三屆發現銘傳大學生換你做做看並發予證書費用全免二月日週六在桃園校區有觀光組教語組國際組及設計組四個營隊月日週日在台北校區有管理組傳播組法律組及國際傳播組各四個營隊每組限招人即日起開始接受報名額滿為止三檢附簡章如附件一海報如附件二敬請直接上網報名俾憑彙辦,銘傳大學111學年度舉辦之第十三屆「發現銘 傳- 大學生換你做做看」活動。,,,法律
0,「2022金車國際青年論壇」活動,一為擴大推展世界公民教育理念本會於年起開始辦理金車國際青年論壇邀請國內外具影響力之青年講者分享自身行動經驗期待透過不同經驗的交流和碰撞養成青少年的同理心行動力合作力思考力讓改變在每個日常發生二活動辦法與報名資格一活動日期年月日六二活動時間上午場下午場三活動地點實體國立臺灣師範大學綜合大樓演藝廳線上webex報名後提供連結四活動對象高中大專院校學生及各級學校教師對國際議題社會創新社會參與公益行動有興趣者五活動費用免費需事先報名提供學生參加證明教師研習時數六報名日期即日起至活動額滿為止七活動詳情請上kingcarorgtw我要報名金車國際青年論壇三本會活動聯絡人余亞蘭電話分機傳真emaillynnkingcarorgtw金車國際青年論壇下載,「2022金車國際青年論壇」活動,,,教育
0,香港科技大學2023入學11/7-11/11線上說明,香港科技大學2023入學11/7-11/11線上說明,香港科技大學2023入學11/7-11/11線上說明,,,
0,世界排名百大內名校「香港中文大學」2023招生資訊,網址,世界排名百大內名校「香港中文大學」2023招生資訊,,,
0,「第13屆明日之星甄選」活動,一該團為培育傑出青少年音樂人才透過甄選活動遴選臺灣優秀青少年音樂家優勝者將可與該團一同演出協奏曲音樂會豐富演出經驗二報名資格一具我國國籍二出生日期為民國年月日至年月日期間者年齡為至歲三徵選樂器鋼琴四報名日期自公告日起至年月日星期二下午時分止並須完成檔案上傳五報名方式採網路線上報名相關報名步驟及規定請詳閱甄選簡章六以上未盡事宜或甄選相關問題請逕洽該團承辦人員周小姐電話emailpeggychoutsogmailcom七檢附原函及甄選簡章各份臺北市立交響樂團第屆明日之星甄選簡章下載,「第13屆明日之星甄選」活動,,,臺北市
0,逢甲大學將舉辦112學年度「院系介紹招生說明會」,詳細資訊如下一主辦單位逢甲大學二邀請對象全國高中職學生及家長三活動時間年月日星期六時至時報名時間即日起至年月日星期三止四活動地點人言大樓電通館五活動報名網址,逢甲大學將舉辦112學年度「院系介紹招生說明會」,,,
0,111年「國稅創意短片 獎金等你拿」短片徵件競賽,一依據財政部北區國稅局及本所年度推行租稅教育及宣傳工作計畫辦理二貴單位關心稅政並鼎力協助特此致謝國稅創意短片獎金等你拿dm下載國稅活動訊息下載,111年「國稅創意短片 獎金等你拿」短片徵件競賽,依據財政部北區國稅局及本所111年度推行租稅教育及宣傳工作計畫辦理。,,教育
0,心理健康知識PK賽競賽,一為提升國民心理健康識能衛生福利部設置心快活平台並委託國立成功大學辦理旨揭競賽以強化青少年運用網路學習正確心理健康資訊之能力二旨揭競賽活動期間於年月日至年月日辦理分海選預賽及決賽三階段競賽資訊已同步公布於衛生福利部心快活心理健康學習平台網站心消息網址,心理健康知識PK賽競賽,,,心理
0,「歹水變好水 發現好水日常」四格故事徵件比賽,一為推廣並建立民眾對於污水下水道建設的認識與了解本署委託民視文化事業股份有限公司辦理歹水變好水發現好水日常四格故事徵件比賽徵件時間為年月日至年月日透過探索日常生活中的好水了解污水下水道建設所帶來的改變二旨案活動內容詳如附件歹水變好水下水道建設四格故事接力徵件比賽海報下載歹水變好水發現好水日常四格故事徵件比賽活動簡章下載,「歹水變好水 發現好水日常」四格故事徵件比賽,,,
0,淡江大學外交與國際關係學系訂於111年11月19日（星期 六）辦理「外交日OPEN HOUSE DAY」活動，自即日起至11 月15日止，開放各校學生免費報名參加，報名方式詳如說明,旨揭活動內容包含系所介紹全英語授課環境與各來自國同學多元學習理解國際現勢及知識校園環境認識與模擬面試介紹等該活動預計招收名額採線上報名本校活動報名系統網址,淡江大學外交與國際關係學系訂於111年11月19日（星期 六）辦理「外交日OPEN HOUSE DAY」活動，自即日起至11 月15日止，開放各校學生免費報名參加，報名方式詳如說明,,,
0,「2022-2023年全國公民行動方案競賽」活動,一旨揭活動即日起開始報名內容詳見活動網址,「2022-2023年全國公民行動方案競賽」活動,,,
0,第23屆「台新青少年志工菁英獎」選拔,旨揭活動受理報名至年月日止相關報名資訊請逕至該活動網站查詢wwwtaishinyouthorgtwapply為帶動更多青年參與志願服務請協助宣導並鼓勵所屬學生報名,第23屆「台新青少年志工菁英獎」選拔,,,
0,「祖孫同遊、玩樂基隆」攝影比賽,一每年月的第個星期日為祖父母節希望透過祖孫一起出遊合影增加祖孫互動情感用影像與文字紀錄與祖父母節的交流點滴感受祖孫共處的溫馨二本比賽收件日期延長至年月日止作品限於年月日至本活動收件截止日期間拍攝三收件採線上報名方式報名網址,「祖孫同遊、玩樂基隆」攝影比賽,,,
0,衛生福利部「心快活-心理健康學習平台」111年度推廣活動-「網住你的心」搜網競賽活動辦法,一活動目的提升全民心理健康增進大眾對於心理健康資訊的學習興趣並促進正確使用心理健康知識二主辦單位衛生福利部三承辦單位國立成功大學腦心智健康與發展研究中心聯絡電話心快活平台工作小組電子信箱mentalhealthgmailcom四協辦單位學悅科技股份有限公司五活動時間及議程年月日三中午議程開放報到並同步直播主辦單位致詞介紹競賽規則確定競賽隊伍數量第一回合正式競賽中場休息第二回合正式競賽公佈競賽結果六參賽辦法一參賽對象全國各級學校學生及不限國籍戶籍及年齡之民眾二競賽組別分三組競賽國中小組每組人可另加至名指導老師高中職組每組人可另加至名指導老師一般組大學生及社區民眾每組人三報名期間年月日起至年月日止四報名方式採網路報名網址,衛生福利部「心快活-心理健康學習平台」111年度推廣活動-「網住你的心」搜網競賽活動辦法,,,心理
0,東海大學舉辦「2022智慧 永續循環技術研討會」,說明研討會基於智慧及永續兩大主軸徵求與sdgs相關研究論文為鼓勵大專院校及高中職年輕學子關注永續發展目標發揮創意研討會同時舉辦學生專題競賽參賽學生可發揮創新應用與技術能力探討永續環境中所存在的各種問題並自由發想解決方式投稿截止日期為年月日c下載,東海大學舉辦「2022智慧 永續循環技術研討會」,,,
0,楓杏醫學青年服務團招募111學年度高中團員,一為培育醫學人才鼓勵北北基等高中生在學期間積極探索生物醫學相關領域以養成具有醫學興趣及人文關懷能力之高中生據此楓杏醫學青年服務團特邀請喜愛醫學具有服務熱忱高中青少年加入過程將由本團安排相關課程及培訓在學期間由本校學專業師資親自授課及帶領實驗深入瞭解醫學知識二招收對象對醫學相關領域有興趣之台北市新北市宜蘭縣基隆市桃園市及新竹之高一新生三報名網址,楓杏醫學青年服務團招募111學年度高中團員,,,醫學|生物|桃園市|新北市|宜蘭縣|基隆市
0,第九屆楊牧文學獎,一第九屆楊牧文學獎針對大學及研究所徵文獎項為楊牧詩獎及楊牧研究論著獎針對國高中生徵文獎項為青春組詩創作青春組詩評論希冀鼓勵國內創作風氣及閱讀楊牧作品培養文學涵養二徵文收件截止日至年月日星期二截止郵寄以郵戳為憑電子信件以寄出時間為憑三參加辦法及徵文徵文辦法請詳見簡章說明相關表件請至楊牧書房網站,第九屆楊牧文學獎,,,
0,111 年全國中小學客家藝文競賽北區初賽,一旨揭競賽活動相關訊息如下一北區初賽辦理日期年月日星期六舉行基隆市七堵區七堵國民小學承辦二總決賽含頒獎辦理日期年月日星期六辦理地點臺南市轄內學校三報名時間及方式採線上報名網址,111 年全國中小學客家藝文競賽北區初賽,,,臺南市|基隆市
0,第14屆全國法規資料庫競賽活動,一法務部及本部為推動全國國中高中職含五年制專科學校一二三年級學生及教師能善用全國法規資料庫作為法治教學平台特辦理全國法規資料庫法規知識王網路闖關競賽活動及全國法規資料庫創意教學競賽活動落實法治教育向下札根協助國中高中職及五年制專科學校師生運用全國法規資料庫進行法治教學發揮法治教育推廣綜效建立知法守法的觀念二活動要點摘述如下法規知識王網路闖關競賽活動活動對象全國國中高中職含五年制專科學校一二三年級學生區分國中學生組及高中職學生組活動方式採網路初賽及現場決賽階段競賽網路初賽自年月日起至年月日止三請貴機關於活動期間內利用機關網站或跑馬燈協助活動宣導相關活動文宣及網站連結圖示請逕至第屆全國法規資料庫競賽活動網站,第14屆全國法規資料庫競賽活動,,,教育|資料庫
0,111年全國學生犯罪預防漫畫與創意短片徵件活動,一旨揭活動報名期間自即日起至年月日紙本報名時間以郵戳為憑相關訊息及報名資料下載請上活動網站,111年全國學生犯罪預防漫畫與創意短片徵件活動,,,
0,111年度基隆巿學生公民實踐方案,一旨揭計畫為推動兒童權利公約正向發展兒少表意權引導師生鼓勵學生關懷公共事務發想可行的調整策略並轉化為實際提案與行動於歷程中整合素養學習並提升公民素養二執行方式重點說明一參加對象本市公私立國小學生高年級學生鼓勵組隊參加本市公私立國高中學生市立學校務必參加每校至少一隊二進行方式可以個人或組隊方式參加每隊至多人指導老師人每隊限投件方案指導老師得指導不同隊伍各隊須參與下列活動師生公民行動方案工作坊協助參賽師生理解公民行動方案完成方案概略設計回流研習提供各組諮詢協助參賽小組擬定方案決選作品上傳雲端後本府以today網站上線投票得獎者另安排與巿府團隊闡述行動方案四報名方式各校組隊報名年月日三前一市立學校及私立國中小以公務填報上傳填報序號二非市屬高中職學校填妥報名表後mail報名表完成報名email信箱aamailklcggovtw五活動重要事項日期組隊師生參加一師生公民行動方案工作坊研習月日二師生公民行動方案回流研習月日三參賽作品及成果上傳月日以上傳雲端空間方式進行上傳連結網址與上傳方式另外公告四本案若受疫情影響則另公告之其他如有未盡事宜請參照附件實施計畫年度基隆巿學生公民實踐方案參賽師生中英文名冊報名表下載年度基隆巿學生公民實踐方案實施計畫下載,111年度基隆巿學生公民實踐方案,,['參加對象：'],
0,2022 KIDE高雄國際發明暨設計展,高雄國際發明暨設計展kaohsiunginternationalinventiondesignexpokide由世界發明智慧財產聯盟總會wiipa及台灣發明商品促進協會tippa共同籌備舉辦看好南台灣的發明能量年在高雄舉辦第一屆在國內學校廠商及國內外政府支持下年年舉辦每年展出皆有亮點截至目前已邁入第八屆透過本展已帶領台灣與全球共個國家進行交流累積全台個單位國外個單位共襄盛舉超過的國外參與人次全球參展人次更已達到人因應台灣產官學研政策世界發明智慧財產聯盟總會wiipa爭取台灣作為本展覽之主辦國精心營造國際化平台透過展覽表現互動交流評選競賽等活動落實促進國際發明技術觀點之流通落實創意商品化之理念競賽時間競賽地點高雄國際會議廳參賽費用元採作品人數均攤依學校國際競賽辦法電機科他科國中部欲參賽之同學請於止請至雲耕樓二樓電機科辦公室劉兆祥主任處報名並接受假日或夜間課餘後之時間訓練無故未到或學習態度不夠積極者得取消參賽資格得獎同學依競賽獎勵辦法簽核行政獎勵大會網址,2022 KIDE高雄國際發明暨設計展,,,
0,衛福部辦理「2022大家來爭光 健康好靈光-健康傳播素材徵選活動」,一為促進全民健康生活與強化民眾健康識能本署辦理旨揭活動邀請全國各地方政府衛生局所醫療院所照護機構學協會團體高中職及大專院校等製作健康傳播素材之個人或團體參加徵選二活動資訊簡述如下一徵件期間年月日起至年月日五止二徵選類別平面類單張海報手冊影音類動畫影片三徵選主題飲食營養提升全榖及未精製雜糧食物之攝取健康體位管理癌症篩檢乳房攝影檢查子宮頸抹片檢查口腔黏膜檢查糞便潛血檢查大腸鏡檢查檳榔健康危害防制低劑量電腦斷層肺癌篩檢兒童視力保健eye眼密碼視力存摺遠視儲備日常招護眼撇步等高血壓宣導守則高血壓前期居家血壓量測血壓管理代謝症候群血壓血糖血脂及腰圍控制缺一不可菸害防制菸品危害含二三手菸危害電子煙危害四簡章索取請至大家來爭光健康好靈光,衛福部辦理「2022大家來爭光 健康好靈光-健康傳播素材徵選活動」,,,
0,2022第12屆徵選活動「愛讓世界轉動 兒少公益行動」,一本會自年開始舉辦愛讓世界轉動兒少公益行動徵選多年來累積超過萬名來自全台各地師生踴躍參與以stage行動步驟讓孩子走進世界舞台學習發現問題付諸行動發揮愛心並能收穫成長二愛讓世界轉動兒少公益行動徵選資訊一活動報名本屆徵選分為行動提案和成果提案兩階段進行行動提案即日起至年月日止成果提案年月日至年月日止二活動對象國小國中高中之學生團隊學生人數以人為限三組隊資格以班級社區家庭為單位報名四投稿主題能呼應sdgs項指標之議題且具國際性之公益行動方案五活動獎項主辦單位可視收件組數保留活動調整及修改獎項之權利行動提案潛力獎組行動基金元成果提案優選組獎金元佳作組獎金元特獎組獎金元績優教師獎名獎金元三活動聯絡余亞蘭小姐電話分機傳真信箱lynnkingcarorgtw第屆愛讓世界轉動兒少公益行動徵選海報下載,2022第12屆徵選活動「愛讓世界轉動 兒少公益行動」,,,
0,國立臺灣師範大學-地球科學系開放參觀日,活動時間年月日六報名詳情及網址,國立臺灣師範大學-地球科學系開放參觀日,,,
0,國立臺灣大學辦理111 學年度高中物理科學人才培育,適用高一及高二生報名簡章,國立臺灣大學辦理111 學年度高中物理科學人才培育,,,
0,中央研究院高中生命科學研究人才培育計畫9/12前報名(限高一生),簡章,中央研究院高中生命科學研究人才培育計畫9/12前報名(限高一生),,,
0,美國在台協會高雄分處（AIT/K）辦理「2023台灣海洋國際青年論壇」,一為響應聯合國為永續發展之海洋科學十年並鼓勵青年學子投入守護海洋行列關心海洋議題並運用海洋科學突破海洋危機與困境同時促進國際交流與互動本會特與美國在台協會高雄分處aitk合作辦理台灣海洋國際青年論壇以深耕海洋國際教育促進海洋科學研究發展二本活動由報名團隊以海洋科學方式提出解決危機之行動方案行動方案可整合海洋科學創新思維田野調查生態保育淨零碳排創意行銷文化保存與維護等方式帶動在地居民公民意識及公民參與集結公民行動本活動歡迎歲以上之在學學生及社會青年組隊報名參加團隊人數至名可跨校跨組別組隊參加團隊需能使用英語表達及答詢優勝前三名將頒發新臺幣以下同萬元至萬元不等之獎金此外本活動亦將遴選出最佳提案獎一名由本會提供萬元經費讓得獎團隊實際執行提案構想三請報名團隊於年月日星期二時分前將提案內容及報名表電子檔逕寄至youthoceanoacgovtw如有相關疑義請逕洽承辦人電話分機aattch下載aattch下載,美國在台協會高雄分處（AIT/K）辦理「2023台灣海洋國際青年論壇」,,,教育
0,APCS最近場次：2022年10月23日檢測(8/30-8/31供高三生優先報名，9/1-9/8全面開放報名),首頁網址,APCS最近場次：2022年10月23日檢測(8/30-8/31供高三生優先報名，9/1-9/8全面開放報名),,,
